file	min_width	cols_at_min	solutions
A2O1A1Ixp33_ASAP7_75t_R_w6.txt	10	4	1
A2O1A1O1Ixp25_ASAP7_75t_R_w8.txt	14	5	18
AND2x2_ASAP7_75t_R_w6.txt	10	4	1
AND2x4_ASAP7_75t_R_w11.txt	20	8	3
AND2x6_ASAP7_75t_R_w13.txt	24	10	4
AND3x1_ASAP7_75t_R_w6.txt	10	4	1
AND3x2_ASAP7_75t_R_w7.txt	12	5	1
AND3x4_ASAP7_75t_R_w13.txt	20	7	28
AND4x1_ASAP7_75t_R_w7.txt	12	5	1
AND4x2_ASAP7_75t_R_w8.txt	14	6	1
AND5x1_ASAP7_75t_R_w8.txt	14	6	1
AND5x2_ASAP7_75t_R_w16.txt	24	7	36
AO211x2_ASAP7_75t_R_w13.txt	16	6	1000
AO21x1_ASAP7_75t_R_w6.txt	10	4	1
AO21x2_ASAP7_75t_R_w7.txt	12	5	1
AO221x1_ASAP7_75t_R_w9.txt	16	6	2
AO221x2_ASAP7_75t_R_w10.txt	18	7	1
AO222x2_ASAP7_75t_R_w11.txt	20	8	1
AO22x1_ASAP7_75t_R_w8.txt	14	5	54
AO22x2_ASAP7_75t_R_w9.txt	16	6	40
AO31x2_ASAP7_75t_R_w13.txt	24	9	2
AO322x2_ASAP7_75t_R_w12.txt	22	9	1
AO32x1_ASAP7_75t_R_w8.txt	14	6	1
AO32x2_ASAP7_75t_R_w9.txt	16	7	1
AO331x1_ASAP7_75t_R_w10.txt	18	8	1
AO331x2_ASAP7_75t_R_w11.txt	20	9	1
AO332x1_ASAP7_75t_R_w11.txt	20	9	1
AO332x2_ASAP7_75t_R_w12.txt	22	10	1
AO333x1_ASAP7_75t_R_w12.txt	22	10	1
AO333x2_ASAP7_75t_R_w13.txt	24	11	1
AO33x2_ASAP7_75t_R_w10.txt	18	8	1
AOI211x1_ASAP7_75t_R_w11.txt	10	4	480
AOI211xp5_ASAP7_75t_R_w6.txt	10	4	1
AOI21x1_ASAP7_75t_R_w9.txt	16	6	6
AOI21xp33_ASAP7_75t_R_w5.txt	8	3	1
AOI21xp5_ASAP7_75t_R_w5.txt	8	3	1
AOI221x1_ASAP7_75t_R_w13.txt	14	5	1000
AOI221xp5_ASAP7_75t_R_w7.txt	12	5	1
AOI222xp33_ASAP7_75t_R_w9.txt	16	6	2
AOI22x1_ASAP7_75t_R_w11.txt	20	8	28
AOI22xp33_ASAP7_75t_R_w6.txt	10	4	4
AOI22xp5_ASAP7_75t_R_w6.txt	10	4	4
AOI311xp33_ASAP7_75t_R_w7.txt	12	5	1
AOI31xp33_ASAP7_75t_R_w6.txt	10	4	1
AOI31xp67_ASAP7_75t_R_w10.txt	18	7	1
AOI321xp33_ASAP7_75t_R_w8.txt	14	6	1
AOI322xp5_ASAP7_75t_R_w9.txt	16	7	2
AOI32xp33_ASAP7_75t_R_w7.txt	12	5	5
AOI331xp33_ASAP7_75t_R_w9.txt	16	7	1
AOI332xp33_ASAP7_75t_R_w10.txt	18	8	2
AOI333xp33_ASAP7_75t_R_w11.txt	20	9	2
AOI33xp33_ASAP7_75t_R_w8.txt	14	6	2
ASYNC_DFFHx1_ASAP7_75t_R_w22.txt	40	16	1000
BUFx10_ASAP7_75t_R_w14.txt	26	12	1
BUFx12_ASAP7_75t_R_w16.txt	30	14	1
BUFx12f_ASAP7_75t_R_w18.txt	34	16	1
BUFx16f_ASAP7_75t_R_w22.txt	42	20	1
BUFx24_ASAP7_75t_R_w30.txt	58	28	1
BUFx2_ASAP7_75t_R_w5.txt	8	3	1
BUFx3_ASAP7_75t_R_w6.txt	10	4	1
BUFx4_ASAP7_75t_R_w7.txt	12	5	1
BUFx4f_ASAP7_75t_R_w8.txt	14	6	1
BUFx5_ASAP7_75t_R_w8.txt	14	6	1
BUFx6f_ASAP7_75t_R_w10.txt	18	8	1
BUFx8_ASAP7_75t_R_w12.txt	22	10	1
DFFHQNx1_ASAP7_75t_R_w15.txt	28	12	166
DFFHQNx2_ASAP7_75t_R_w16.txt	30	13	311
DFFHQNx3_ASAP7_75t_R_w17.txt	32	14	140
DFFHQx4_ASAP7_75t_R_w20.txt	38	17	654
DFFLQNx1_ASAP7_75t_R_w15.txt	28	12	166
DFFLQNx2_ASAP7_75t_R_w16.txt	30	13	477
DFFLQNx3_ASAP7_75t_R_w17.txt	32	14	24
DFFLQx4_ASAP7_75t_R_w20.txt	38	17	294
DHLx1_ASAP7_75t_R_w11.txt	20	8	42
DHLx2_ASAP7_75t_R_w12.txt	22	9	33
DHLx3_ASAP7_75t_R_w13.txt	24	10	43
DLLx1_ASAP7_75t_R_w11.txt	20	8	35
DLLx2_ASAP7_75t_R_w12.txt	22	9	105
DLLx3_ASAP7_75t_R_w13.txt	24	10	43
FAx1_ASAP7_75t_R_w14.txt	26	12	28
HAxp5_ASAP7_75t_R_w8.txt	14	5	42
HB1xp67_ASAP7_75t_R_w4.txt	6	2	1
HB2xp67_ASAP7_75t_R_w5.txt	8	3	1
HB3xp67_ASAP7_75t_R_w6.txt	10	4	1
HB4xp67_ASAP7_75t_R_w7.txt	12	5	1
INVx11_ASAP7_75t_R_w13.txt	24	11	2
INVx13_ASAP7_75t_R_w15.txt	28	13	2
INVx1_ASAP7_75t_R_w3.txt	4	1	2
INVx2_ASAP7_75t_R_w4.txt	6	2	1
INVx3_ASAP7_75t_R_w5.txt	8	3	2
INVx4_ASAP7_75t_R_w6.txt	10	4	1
INVx5_ASAP7_75t_R_w7.txt	12	5	2
INVx6_ASAP7_75t_R_w8.txt	14	6	1
INVx8_ASAP7_75t_R_w10.txt	18	8	1
INVxp33_ASAP7_75t_R_w3.txt	4	1	2
INVxp67_ASAP7_75t_R_w3.txt	4	1	2
MAJIxp5_ASAP7_75t_R_w7.txt	12	5	3
MAJx2_ASAP7_75t_R_w9.txt	16	7	1
MAJx3_ASAP7_75t_R_w10.txt	18	8	1
NAND2x1_ASAP7_75t_R_w6.txt	6	2	8
NAND2x1p5_ASAP7_75t_R_w12.txt	14	6	61
NAND2x2_ASAP7_75t_R_w10.txt	10	4	3
NAND2xp33_ASAP7_75t_R_w4.txt	6	2	2
NAND2xp5_ASAP7_75t_R_w4.txt	6	2	2
NAND2xp67_ASAP7_75t_R_w6.txt	6	2	14
NAND3x1_ASAP7_75t_R_w11.txt	8	3	32
NAND3x2_ASAP7_75t_R_w21.txt	16	6	5
NAND3xp33_ASAP7_75t_R_w5.txt	8	3	2
NAND4xp25_ASAP7_75t_R_w6.txt	10	4	2
NAND4xp75_ASAP7_75t_R_w14.txt	22	8	2
NAND5xp2_ASAP7_75t_R_w7.txt	12	5	2
NOR2x1_ASAP7_75t_R_w6.txt	6	2	13
NOR2x1p5_ASAP7_75t_R_w12.txt	14	6	28
NOR2x2_ASAP7_75t_R_w10.txt	10	4	88
NOR2xp33_ASAP7_75t_R_w4.txt	6	2	1
NOR2xp67_ASAP7_75t_R_w6.txt	6	2	22
NOR3x1_ASAP7_75t_R_w11.txt	8	3	159
NOR3x2_ASAP7_75t_R_w21.txt	16	6	1000
NOR3xp33_ASAP7_75t_R_w5.txt	8	3	1
NOR4xp25_ASAP7_75t_R_w6.txt	10	4	2
NOR4xp75_ASAP7_75t_R_w14.txt	20	8	16
NOR5xp2_ASAP7_75t_R_w7.txt	12	5	1
O2A1O1Ixp33_ASAP7_75t_R_w6.txt	10	4	1
O2A1O1Ixp5_ASAP7_75t_R_w8.txt	12	4	3
OA211x2_ASAP7_75t_R_w8.txt	14	6	1
OA21x2_ASAP7_75t_R_w7.txt	12	5	1
OA221x2_ASAP7_75t_R_w15.txt	22	7	16
OA222x2_ASAP7_75t_R_w11.txt	20	8	1
OA22x2_ASAP7_75t_R_w9.txt	16	6	6
OA31x2_ASAP7_75t_R_w12.txt	18	6	27
OA331x1_ASAP7_75t_R_w10.txt	18	8	1
OA331x2_ASAP7_75t_R_w11.txt	20	9	1
OA332x1_ASAP7_75t_R_w11.txt	20	9	1
OA332x2_ASAP7_75t_R_w12.txt	22	10	1
OA333x1_ASAP7_75t_R_w12.txt	22	10	1
OA333x2_ASAP7_75t_R_w13.txt	24	11	1
OA33x2_ASAP7_75t_R_w10.txt	18	8	1
OAI211xp5_ASAP7_75t_R_w6.txt	10	4	2
OAI21x1_ASAP7_75t_R_w9.txt	16	6	5
OAI21xp33_ASAP7_75t_R_w5.txt	8	3	3
OAI21xp5_ASAP7_75t_R_w5.txt	8	3	3
OAI221xp5_ASAP7_75t_R_w8.txt	14	5	16
OAI222xp33_ASAP7_75t_R_w9.txt	16	6	2
OAI22x1_ASAP7_75t_R_w11.txt	20	8	4
OAI22xp33_ASAP7_75t_R_w6.txt	10	4	2
OAI22xp5_ASAP7_75t_R_w6.txt	10	4	2
OAI311xp33_ASAP7_75t_R_w7.txt	12	5	2
OAI31xp33_ASAP7_75t_R_w6.txt	10	4	2
OAI31xp67_ASAP7_75t_R_w10.txt	18	7	3
OAI321xp33_ASAP7_75t_R_w8.txt	14	6	1
OAI322xp33_ASAP7_75t_R_w9.txt	16	7	1
OAI32xp33_ASAP7_75t_R_w7.txt	12	5	1
OAI331xp33_ASAP7_75t_R_w9.txt	16	7	1
OAI332xp33_ASAP7_75t_R_w10.txt	18	8	1
OAI333xp33_ASAP7_75t_R_w11.txt	20	9	1
OAI33xp33_ASAP7_75t_R_w8.txt	14	6	2
OR2x2_ASAP7_75t_R_w6.txt	10	4	1
OR2x4_ASAP7_75t_R_w8.txt	14	6	1
OR2x6_ASAP7_75t_R_w13.txt	24	10	30
OR3x1_ASAP7_75t_R_w6.txt	10	4	1
OR3x2_ASAP7_75t_R_w7.txt	12	5	1
OR3x4_ASAP7_75t_R_w9.txt	16	7	1
OR4x1_ASAP7_75t_R_w7.txt	12	5	1
OR4x2_ASAP7_75t_R_w8.txt	14	6	1
OR5x1_ASAP7_75t_R_w8.txt	14	6	1
OR5x2_ASAP7_75t_R_w9.txt	16	7	1
SDFHx1_ASAP7_75t_R_w21.txt	40	16	1000
SDFHx2_ASAP7_75t_R_w21.txt	40	17	180
SDFHx3_ASAP7_75t_R_w23.txt	44	18	1000
SDFHx4_ASAP7_75t_R_w23.txt	44	19	539
SDFLx1_ASAP7_75t_R_w21.txt	40	16	1000
SDFLx2_ASAP7_75t_R_w21.txt	40	17	318
SDFLx3_ASAP7_75t_R_w23.txt	44	18	1000
SDFLx4_ASAP7_75t_R_w23.txt	44	19	539
XNOR2x1_ASAP7_75t_R_w11.txt	20	8	3
XNOR2x2_ASAP7_75t_R_w10.txt	18	7	6
XNOR2xp5_ASAP7_75t_R_w8.txt	14	5	42
XOR2x1_ASAP7_75t_R_w11.txt	20	8	9
XOR2x2_ASAP7_75t_R_w10.txt	18	7	2
XOR2xp5_ASAP7_75t_R_w8.txt	14	5	14
